class name,Date ,Duration,start,end,minimum,maximum,people,room surface area ,room height,Windows,no of win,door ,no of door,Start,End,Start,End,Start,End,Start,End,Start,End,Start,End
,datetime,minutes,datetime,datetime,,,,m^2,m,m^2,constant,m^2,constant,humidity-indoor,humidity-Indoor,humidity-out,humidity-out,Co2,Co2,Temp-in,Temp-in,Temp-out,Temp-out,wind speed,wind speed
Quint Elementary,12/9/2020,204,13.4,17.06,400,942,19,72.7,3.5,4,3,2.5,2,,,,,,,,,,,,
Quint Elementary,12/10/2020,184,13.4,16.44,400,1478,21,72.7,3.5,4,3,2.5,2,,,,,,,,,,,,
Quint Elementary,12/11/2020,194,12.42,17.01,400,1673,21,72.7,3.5,4,3,2.5,2,,,,,,,,,,,,
Quint Elementary,12/14/2020,248,13.45,17.53,400,783,21,72.7,3.5,4,3,2.5,2,,,,,,,,,,,,
Quint Elementary,12/15/2020,507,11,19.25,400,1122,21,72.7,3.5,4,3,2.5,2,,,,,,,,,,,,
Quint Elementary,12/16/2020,293,12,16.53,400,1005,21,72.7,3.5,4,3,2.5,2,,,,,,,,,,,,
Quint Elementary,12/17/2020,129,13.4,15.51,400,1169,20,72.7,3.5,4,3,2.5,2,,,,,,,,,,,,
Quint Elementary,12/18/2020,408,12.54,19.42,400,903,19,72.7,3.5,4,3,2.5,2,,,,,,,,,,,,
Quint Elementary,12/21/2020,254,13.46,18,400,1039,21,72.7,3.5,4,3,2.5,2,,,,,,,,,,,,
Quint Elementary,12/22/2020,219,13.4,17.17,400,1704,21,72.7,3.5,4,3,2.5,2,,,,,,,,,,,,
Quint Elementary,1/7/2021,338,12,17.4,400,1320,23,72.7,3.5,4,3,2.5,2,,,,,,,,,,,,
Quint Elementary,1/8/2021,243,12.45,16.42,400,995,22,72.7,3.5,4,3,2.5,2,,,,,,,,,,,,
Quint Elementary,1/11/2021,447,10.36,17.09,400,1079,22,72.7,3.5,4,3,2.5,2,,,,,,,,,,,,
Quint Elementary,1/12/2021,230,11,14.3,400,1172,23,72.7,3.5,4,3,2.5,2,,,,,,,,,,,,
Quint Elementary,1/13/2021,449,10.2,17.5,400,1128,23,72.7,3.5,4,3,2.5,2,,,,,,,,,,,,
Quint Elementary,1/14/2021,194,13.4,16.57,400,1363,23,72.7,3.5,4,3,2.5,2,,,,,,,,,,,,
Quint Elementary,1/15/2021,339,12.3,18.04,400,1321,23,72.7,3.5,4,3,2.5,2,,,,,,,,,,,,
Quint Elementary,1/18/2021,459,12,17.42,400,1170,22,72.7,3.5,4,3,2.5,2,,,,,,,,,,,,
Quint Elementary,1/19/2020,592,10.5,20.39,400,1588,23,72.7,3.5,4,3,2.5,2,,,,,,,,,,,,
Quint Elementary,1/20/2020,416,10,17.3,400,1031,22,72.7,3.5,4,3,2.5,2,,,,,,,,,,,,
Quint Elementary,1/21/2021,423,12,20.19,400,1244,22,72.7,3.5,4,3,2.5,2,,,,,,,,,,,,
Quint Elementary,1/22/2021,199,10.25,13.43,400,836,21,72.7,3.5,4,3,2.5,2,,,,,,,,,,,,
Quint Elementary,1/25/2021,394,10.2,16.54,400,1180,22,72.7,3.5,4,3,2.5,2,,,,,,,,,,,,
Quint Elementary,1/26/2021,213,11.15,17.11,400,1110,22,72.7,3.5,4,3,2.5,2,,,,,,,,,,,,
Quint Elementary,1/27/2021,353,12,17.53,400,1534,22,72.7,3.5,4,3,2.5,2,,,,,,,,,,,,
Quint Elementary,1/28/2021,364,11,17.11,400,1411,22,72.7,3.5,4,3,2.5,2,,,,,,,,,,,,
Quint Elementary,1/29/2021,246,12,16.4,400,1065,23,72.7,3.5,4,3,2.5,2,,,,,,,,,,,,
Quint Elementary,2/1/2021,433,10.4,17.1,400,1198,23,72.7,3.5,4,3,2.5,2,,,,,,,,,,,,
Quint Elementary,2/2/2021,330,11.1,16.4,400,1163,24,72.7,3.5,4,3,2.5,2,,,,,,,,,,,,
Quint Elementary,2/3/2021,383,10.42,16.45,400,915,24,72.7,3.5,4,3,2.5,2,,,,,,,,,,,,
Quint Elementary,2/4/2021,199,13.3,16.52,400,1131,24,72.7,3.5,4,3,2.5,2,,,,,,,,,,,,
Quint Elementary,2/5/2021,179,12,14.15,400,988,23,72.7,3.5,4,3,2.5,2,,,,,,,,,,,,
Quint Elementary,2/8/2021,316,10,16.26,400,1011,24,72.7,3.5,4,3,2.5,2,,,,,,,,,,,,
Quint Elementary,2/9/2021,254,11,14.19,400,1136,23,72.7,3.5,4,3,2.5,2,,,,,,,,,,,,
Quint Elementary,2/10/2021,338,10,16.41,400,831,24,72.7,3.5,4,3,2.5,2,,,,,,,,,,,,
Quint Elementary,2/11/2021,375,10.4,16.5,400,991,23,72.7,3.5,4,3,2.5,2,,,,,,,,,,,,
Quint Elementary,2/12/2021,99,12.17,13.56,400,1023,23,72.7,3.5,4,3,2.5,2,,,,,,,,,,,,
Quint Elementary,2/17/2021,428,10.2,17.32,400,1205,24,72.7,3.5,4,3,2.5,2,,,,,,,,,,,,
Quint Elementary,2/18/2021,353,10.3,16.3,400,1009,24,72.7,3.5,4,3,2.5,2,,,,,,,,,,,,
Quint Elementary,2/19/2021,273,12.5,17.21,400,1201,24,72.7,3.5,4,3,2.5,2,,,,,,,,,,,,
Quint Elementary,2/22/2021,442,9.51,17.13,400,806,,72.7,3.5,4,3,2.5,2,,,,,,,,,,,,
Quint Elementary,2/23/2021,343,10.3,16.5,400,769,,72.7,3.5,4,3,2.5,2,,,,,,,,,,,,
Quint Elementary,2/24/2021,380,10.3,16.45,400,683,,72.7,3.5,4,3,2.5,2,,,,,,,,,,,,
Quint Elementary,2/25/2021,179,13.45,16.45,400,895,,72.7,3.5,4,3,2.5,2,,,,,,,,,,,,
Quint Elementary,2/26/2021,187,12.45,15.52,400,1125,,72.7,3.5,4,3,2.5,2,,,,,,,,,,,,
Quint Elementary,3/1/2021,260,9.3,14.1,400,810,,72.7,3.5,4,3,2.5,2,,,,,,,,,,,,
Quint Elementary,3/2/2021,60,12.5,13.48,400,1222,,72.7,3.5,4,3,2.5,2,,,,,,,,,,,,
Quint Elementary,3/4/2021,431,9.3,16.4,400,975,,72.7,3.5,4,3,2.5,2,,,,,,,,,,,,
Quint Elementary,3/5/2021,235,12.5,16.5,400,930,,72.7,3.5,4,3,2.5,2,,,,,,,,,,,,
Quint Elementary,3/8/2021,174,13.45,16.4,400,667,,72.7,3.5,4,3,2.5,2,,,,,,,,,,,,
Quint Elementary,3/9/2021,335,10.15,15.5,400,823,,72.7,3.5,4,3,2.5,2,,,,,,,,,,,,
Third year,12/9/2020,92,13.2,14.52,400,855,13,,,3,3,2.5,2,,,,,,,,,,,,
Third year,12/10/2020,203,10.5,14.13,400,756,12,,,3,3,2.5,2,,,,,,,,,,,,
Third year,12/11/2020,229,11.17,15.06,400,1166,12,,,3,3,2.5,2,,,,,,,,,,,,
Third year,12/14/2020,48,13.12,14,400,627,12,,,3,3,2.5,2,,,,,,,,,,,,
Third year,12/15/2020,82,13.18,14.1,400,902,11,,,3,3,2.5,2,,,,,,,,,,,,
Third year,12/16/2020,210,11.3,15,400,1406,11,,,3,3,2.5,2,,,,,,,,,,,,
Third year,12/17/2020,160,12.12,14.52,400,1079,11,,,3,3,2.5,2,,,,,,,,,,,,
Third year,12/18/2020,228,11.3,15.18,400,846,11,,,3,3,2.5,2,,,,,,,,,,,,
Third year,12/21/2020,243,11.45,15.48,400,1061,9,,,3,3,2.5,2,,,,,,,,,,,,
Third year,12/22/2020,205,13.45,17.1,400,1279,10,,,3,3,2.5,2,,,,,,,,,,,,
Third year,1/7/2021,342,13.48,19.3,400,1071,11,,,3,3,2.5,2,,,,,,,,,,,,
Third year,1/8/2021,119,13.3,15.29,400,1096,12,,,3,3,2.5,2,,,,,,,,,,,,
Third year,1/11/2021,145,13.05,15.3,400,947,12,,,3,3,2.5,2,,,,,,,,,,,,
Third year,1/12/2021,419,9.22,14.21,400,801,12,,,3,3,2.5,2,,,,,,,,,,,,
Third year,1/13/2021,126,12.14,14.2,400,726,13,,,3,3,2.5,2,,,,,,,,,,,,
Third year,1/14/2021,80,13.15,14.25,400,901,13,,,3,3,2.5,2,,,,,,,,,,,,
Third year,1/15/2021,408,13.31,19.2,400,1247,13,,,3,3,2.5,2,,,,,,,,,,,,
Third year,1/18/2021,189,11.58,13.07,400,1608,13,,,3,3,2.5,2,,,,,,,,,,,,
Third year,1/19/2021,418,13.3,20.28,400,1465,13,,,3,3,2.5,2,,,,,,,,,,,,
Third year,1/20/2021,260,12,16.2,400,1340,13,,,3,3,2.5,2,,,,,,,,,,,,
Third year,1/21/2021,65,13.35,14.4,400,868,12,,,3,3,2.5,2,,,,,,,,,,,,
Third year,1/22/2021,323,11.37,17,400,851,13,,,3,3,2.5,2,,,,,,,,,,,,
Third year,1/25/2021,165,11.15,14.3,400,814,13,,,3,3,2.5,2,,,,,,,,,,,,
Third year,1/26/2021,194,11.02,14.16,400,930,13,,,3,3,2.5,2,,,,,,,,,,,,
Third year,1/27/2021,390,12,18.3,400,1651,12,,,3,3,2.5,2,,,,,,,,,,,,
Third year,1/28/2021,140,13.25,15.45,400,1623,12,,,3,3,2.5,2,,,,,,,,,,,,
Third year,1/29/2021,387,10.48,17.15,400,1099,12,,,3,3,2.5,2,,,,,,,,,,,,
Third year,2/1/2021,36,13.4,14.16,400,742,11,,,3,3,2.5,2,,,,,,,,,,,,
Third year,2/2/2021,94,13.14,14.45,400,1196,13,,,3,3,2.5,2,,,,,,,,,,,,
Third year,2/3/2021,105,19,20.45,400,1506,13,,,3,3,2.5,2,,,,,,,,,,,,
Third year,2/4/2021,183,13.42,16.45,400,1229,13,,,3,3,2.5,2,,,,,,,,,,,,
Third year,2/5/2021,488,11.04,17.12,400,1384,13,,,3,3,2.5,2,,,,,,,,,,,,
Third year,2/8/2021,100,13.18,14.58,400,1395,13,,,3,3,2.5,2,,,,,,,,,,,,
Third year,2/9/2021,254,9.36,13.5,400,683,14,,,3,3,2.5,2,,,,,,,,,,,,
Third year,2/10/2021,139,11.47,14.06,400,893,13,,,3,3,2.5,2,,,,,,,,,,,,
Third year,2/11/2021,67,13.13,14.2,400,731,13,,,3,3,2.5,2,,,,,,,,,,,,
Third year,2/12/2021,300,12.45,17.45,400,996,14,,,3,3,2.5,2,,,,,,,,,,,,
fourth elementary,12/9/2020,274,12.56,17.3,400,1253,18,72.7,3.5,4,3,2.5,2,,,,,,,,,,,,
fourth elementary,12/10/2020,383,12.43,17.06,400,1339,18,72.7,3.5,4,3,2.5,2,,,,,,,,,,,,
fourth elementary,12/11/2020,352,11.45,17.57,400,1872,17,72.7,3.5,4,3,2.5,2,,,,,,,,,,,,
fourth elementary,12/14/2020,296,12.54,17.5,400,1476,19,72.7,3.5,4,3,2.5,2,,,,,,,,,,,,
fourth elementary,12/15/2020,270,13.4,18.18,400,1688,20,72.7,3.5,4,3,2.5,2,,,,,,,,,,,,
fourth elementary,12/16/2020,208,12.52,16.2,400,2172,19,72.7,3.5,4,3,2.5,2,,,,,,,,,,,,
fourth elementary,12/17/2020,234,13.23,17.17,400,2018,19,72.7,3.5,4,3,2.5,2,,,,,,,,,,,,
fourth elementary,12/18/2020,255,13.45,18,400,2353,20,72.7,3.5,4,3,2.5,2,,,,,,,,,,,,
fourth elementary,12/21/2020,240,12.54,16.53,400,2058,18,72.7,3.5,4,3,2.5,2,,,,,,,,,,,,
fourth elementary,12/22/2020,370,11.5,18,400,2150,20,72.7,3.5,4,3,2.5,2,,,,,,,,,,,,
fourth elementary,1/7/2021,210,13.4,17.1,400,2058,19,72.7,3.5,4,3,2.5,2,,,,,,,,,,,,
fourth elementary,1/8/2021,194,13.46,17,400,1774,19,72.7,3.5,4,3,2.5,2,,,,,,,,,,,,
fourth elementary,1/11/2021,294,11.56,16.5,400,1842,19,72.7,3.5,4,3,2.5,2,,,,,,,,,,,,
fourth elementary,1/12/2021,250,12,16.1,400,1238,19,72.7,3.5,4,3,2.5,2,,,,,,,,,,,,
fourth elementary,1/13/2021,363,10.44,16.47,400,1211,191,72.7,3.5,4,3,2.5,2,,,,,,,,,,,,
fourth elementary,1/14/2021,225,13.45,17.3,400,1624,19,72.7,3.5,4,3,2.5,2,,,,,,,,,,,,
fourth elementary,1/15/2021,150,13.46,16.1,400,2353,19,72.7,3.5,4,3,2.5,2,,,,,,,,,,,,
fourth elementary,1/18/2021,268,13.07,17.35,400,1581,22,72.7,3.5,4,3,2.5,2,,,,,,,,,,,,
fourth elementary,1/19/2021,227,13.43,17.3,400,2819,23,72.7,3.5,4,3,2.5,2,,,,,,,,,,,,
fourth elementary,1/20/2021,300,11.5,16.5,400,1959,23,72.7,3.5,4,3,2.5,2,,,,,,,,,,,,
fourth elementary,1/21/2021,250,13.5,18,400,2356,24,72.7,3.5,4,3,2.5,2,,,,,,,,,,,,
fourth elementary,1/22/2021,330,10,15.3,400,1725,24,72.7,3.5,4,3,2.5,2,,,,,,,,,,,,
fourth elementary,1/25/2021,190,12.5,14,400,1532,24,72.7,3.5,4,3,2.5,2,,,,,,,,,,,,
fourth elementary,1/26/2021,348,10,15.48,400,1614,24,72.7,3.5,4,3,2.5,2,,,,,,,,,,,,
fourth elementary,1/27/2021,275,13.25,18,400,2108,23,72.7,3.5,4,3,2.5,2,,,,,,,,,,,,
fourth elementary,1/28/2021,199,13.41,17,400,1951,23,72.7,3.5,4,3,2.5,2,,,,,,,,,,,,
fourth elementary,1/29/2021,184,13.48,16.52,400,1438,22,72.7,3.5,4,3,2.5,2,,,,,,,,,,,,
fourth elementary,2/1/2021,130,12.5,15,400,1861,22,72.7,3.5,4,3,2.5,2,,,,,,,,,,,,
fourth elementary,2/2/2021,80,13.4,15,400,2652,22,72.7,3.5,4,3,2.5,2,,,,,,,,,,,,
fourth elementary,2/3/2021,85,13.35,15,400,1949,23,72.7,3.5,4,3,2.5,2,,,,,,,,,,,,
fourth elementary,2/4/2021,120,13.3,13.3,400,1886,24,72.7,3.5,4,3,2.5,2,,,,,,,,,,,,
fourth elementary,2/5/2021,158,11.4,14.18,400,1646,24,72.7,3.5,4,3,2.5,2,,,,,,,,,,,,
fourth elementary,2/8/2021,240,11.3,15.3,400,1545,24,72.7,3.5,4,3,2.5,2,,,,,,,,,,,,
fourth elementary,2/9/2021,91,13.19,14.5,400,1763,24,72.7,3.5,4,3,2.5,2,,,,,,,,,,,,
fourth elementary,2/10/2021,80,12.5,14,400,1378,24,72.7,3.5,4,3,2.5,2,,,,,,,,,,,,
fourth elementary,2/11/2021,176,11.5,14.46,400,1704,24,72.7,3.5,4,3,2.5,2,,,,,,,,,,,,
fourth elementary,2/12/2021,105,12.1,13.55,400,1093,24,72.7,3.5,4,3,2.5,2,,,,,,,,,,,,
fourth elementary,2/17/2021,310,11,16.4,400,2556,24,72.7,3.5,4,3,2.5,2,,,,,,,,,,,,
fourth elementary,2/18/2021,118,13.42,15.4,400,3239,23,72.7,3.5,4,3,2.5,2,,,,,,,,,,,,
fourth elementary,2/19/2021,180,13.4,16.4,400,1575,23,72.7,3.5,4,3,2.5,2,,,,,,,,,,,,
fourth elementary,2/22/2021,67,12.53,14,400,1264,,72.7,3.5,4,3,2.5,2,,,,,,,,,,,,
fourth elementary,2/23/2021,111,13.39,15.3,400,1571,,72.7,3.5,4,3,2.5,2,,,,,,,,,,,,
fourth elementary,2/26/2021,187,11.1,14.17,400,1763,,72.7,3.5,4,3,2.5,2,,,,,,,,,,,,
second elementray,12/9/2020,323,12.5,18.13,400,1580,16,51.5,3.5,3,3,2.5,1,,,,,,,,,,,,
second elementray,12/10/2020,285,12.4,17.25,400,1587,16,51.5,3.5,3,3,2.5,1,,,,,,,,,,,,
second elementray,12/11/2020,456,9.54,17.3,400,1426,15,51.5,3.5,3,3,2.5,1,,,,,,,,,,,,
second elementray,12/14/2020,338,13.32,19.1,400,1076,16,51.5,3.5,3,3,2.5,1,,,,,,,,,,,,
second elementray,12/15/2020,310,9.4,15.1,400,1239,16,51.5,3.5,3,3,2.5,1,,,,,,,,,,,,
second elementray,12/16/2020,234,12.16,16.1,400,1929,14,51.5,3.5,3,3,2.5,1,,,,,,,,,,,,
second elementray,12/17/2020,187,11.2,14.27,400,1508,16,51.5,3.5,3,3,2.5,1,,,,,,,,,,,,
second elementray,12/18/2020,216,11.34,15.1,400,1512,15,51.5,3.5,3,3,2.5,1,,,,,,,,,,,,
second elementray,12/21/2020,293,11.44,16.37,400,1436,16,51.5,3.5,3,3,2.5,1,,,,,,,,,,,,
second elementray,12/22/2020,302,13.45,18.47,400,2170,16,51.5,3.5,3,3,2.5,1,,,,,,,,,,,,
second elementray,1/7/2021,280,9.45,14.25,400,1237,14,51.5,3.5,3,3,2.5,1,,,,,,,,,,,,
second elementray,1/8/2021,43,11.52,19.25,400,1625,15,51.5,3.5,3,3,2.5,1,,,,,,,,,,,,
second elementray,1/11/2021,255,13,17.15,400,1585,16,51.5,3.5,3,3,2.5,1,,,,,,,,,,,,
second elementray,1/12/2021,190,11.5,15,400,1331,16,51.5,3.5,3,3,2.5,1,,,,,,,,,,,,
second elementray,1/13/2021,240,12.45,16.48,400,1851,16,51.5,3.5,3,3,2.5,1,,,,,,,,,,,,
second elementray,1/14/2021,618,10,20.18,400,1423,16,51.5,3.5,3,3,2.5,1,,,,,,,,,,,,
second elementray,1/15/2021,230,16.3,20.2,400,2555,16,51.5,3.5,3,3,2.5,1,,,,,,,,,,,,
second elementray,1/18/2021,238,12.55,16.53,400,2747,14,51.5,3.5,3,3,2.5,1,,,,,,,,,,,,
second elementray,1/19/2021,440,13,20.2,400,2948,15,51.5,3.5,3,3,2.5,1,,,,,,,,,,,,
second elementray,1/20/2021,678,10,21.18,400,2023,15,51.5,3.5,3,3,2.5,1,,,,,,,,,,,,
second elementray,1/21/2021,48,16.3,17.18,400,2004,15,51.5,3.5,3,3,2.5,1,,,,,,,,,,,,
second elementray,1/22/2021,300,11,16,400,1684,15,51.5,3.5,3,3,2.5,1,,,,,,,,,,,,
second elementray,1/25/2021,400,11.2,18,400,1570,16,51.5,3.5,3,3,2.5,1,,,,,,,,,,,,
second elementray,1/26/2021,436,10,17.16,400,2178,16,51.5,3.5,3,3,2.5,1,,,,,,,,,,,,
second elementray,1/27/2021,184,11.54,14.58,400,2370,14,51.5,3.5,3,3,2.5,1,,,,,,,,,,,,
second elementray,1/28/2021,390,11,17.3,400,2025,16,51.5,3.5,3,3,2.5,1,,,,,,,,,,,,
second elementray,1/29/2021,390,11.5,16.2,400,1621,16,51.5,3.5,3,3,2.5,1,,,,,,,,,,,,
second elementray,2/1/2021,154,12.46,15.2,400,1500,16,51.5,3.5,3,3,2.5,1,,,,,,,,,,,,
second elementray,2/2/2021,420,10,17,400,2045,16,51.5,3.5,3,3,2.5,1,,,,,,,,,,,,
second elementray,2/3/2021,480,10,18,400,1313,16,51.5,3.5,3,3,2.5,1,,,,,,,,,,,,
second elementray,2/4/2021,500,9.5,18,400,1224,16,51.5,3.5,3,3,2.5,1,,,,,,,,,,,,
second elementray,2/5/2021,480,10.3,18.3,400,1139,15,51.5,3.5,3,3,2.5,1,,,,,,,,,,,,
second elementray,2/8/2021,323,11.55,17.18,400,1840,15,51.5,3.5,3,3,2.5,1,,,,,,,,,,,,
second elementray,2/9/2021,225,13.3,17.15,400,1414,15,51.5,3.5,3,3,2.5,1,,,,,,,,,,,,
second elementray,2/10/2021,284,10.24,15.1,400,1103,15,51.5,3.5,3,3,2.5,1,,,,,,,,,,,,
second elementray,2/11/2021,154,12.1,14.44,400,1558,15,51.5,3.5,3,3,2.5,1,,,,,,,,,,,,
second elementray,2/12/2021,60,16.3,17.3,400,1756,14,51.5,3.5,3,3,2.5,1,,,,,,,,,,,,
second elementray,2/17/2021,305,13.15,18.2,400,2393,13,51.5,3.5,3,3,2.5,1,,,,,,,,,,,,
second elementray,2/18/2021,474,9.26,17.2,400,1021,13,51.5,3.5,3,3,2.5,1,,,,,,,,,,,,
second elementray,2/19/2021,100,16.3,18.2,400,1911,13,51.5,3.5,3,3,2.5,1,,,,,,,,,,,,
second elementray,2/22/2021,150,11.5,14.2,400,1175,,51.5,3.5,3,3,2.5,1,,,,,,,,,,,,
second elementray,2/23/2021,307,10.53,16,400,1001,,51.5,3.5,3,3,2.5,1,,,,,,,,,,,,
second elementray,2/24/2021,134,13.13,15.27,400,884,,51.5,3.5,3,3,2.5,1,,,,,,,,,,,,
second elementray,2/25/2021,253,10.06,14.5,400,1107,,51.5,3.5,3,3,2.5,1,,,,,,,,,,,,
second elementray,2/26/2021,134,16.05,18.19,400,1223,,51.5,3.5,3,3,2.5,1,,,,,,,,,,,,
second elementray,3/1/2021,255,10,14.15,400,1555,,51.5,3.5,3,3,2.5,1,,,,,,,,,,,,
second elementray,3/2/2021,326,10.04,326,400,1795,,51.5,3.5,3,3,2.5,1,,,,,,,,,,,,
second elementray,3/3/2021,322,9.25,322,400,756,,51.5,3.5,3,3,2.5,1,,,,,,,,,,,,
second elementray,3/4/2021,115,13.35,115,400,1546,,51.5,3.5,3,3,2.5,1,,,,,,,,,,,,
second elementray,3/5/2021,184,16.26,184,400,1251,,51.5,3.5,3,3,2.5,1,,,,,,,,,,,,
second elementray,3/8/2021,236,11.2,236,400,1133,,51.5,3.5,3,3,2.5,1,,,,,,,,,,,,
second elementray,3/9/2021,395,10.25,395,400,1110,,51.5,3.5,3,3,2.5,1,,,,,,,,,,,,
I elementary,12/9/2020,240,11.2,15.2,400,1443,15,51.5,3.5,3,3,2.5,1,,,,,,,,,,,,
I elementary,12/10/2020,314,9.56,15.1,400,1695,15,51.5,3.5,3,3,2.5,1,,,,,,,,,,,,
I elementary,12/11/2020,278,9.57,14.35,400,1827,16,51.5,3.5,3,3,2.5,1,,,,,,,,,,,,
I elementary,12/14/2020,570,11.1,20.4,400,764,15,51.5,3.5,3,3,2.5,1,,,,,,,,,,,,
I elementary,12/15/2020,76,13.24,14.4,400,1002,13,51.5,3.5,3,3,2.5,1,,,,,,,,,,,,
I elementary,12/16/2020,205,12.5,16.15,400,2193,15,51.5,3.5,3,3,2.5,1,,,,,,,,,,,,
I elementary,12/17/2020,243,9.57,14,400,1806,15,51.5,3.5,3,3,2.5,1,,,,,,,,,,,,
I elementary,12/18/2020,597,11.48,20.45,400,2340,15,51.5,3.5,3,3,2.5,1,,,,,,,,,,,,
I elementary,12/21/2020,304,8.56,14,400,1056,15,51.5,3.5,3,3,2.5,1,,,,,,,,,,,,
I elementary,12/22/2020,120,13.4,15.4,400,1795,14,51.5,3.5,3,3,2.5,1,,,,,,,,,,,,
I elementary,1/7/2021,338,13.1,18.48,400,1919,17,51.5,3.5,3,3,2.5,1,,,,,,,,,,,,
I elementary,1/8/2021,124,11.31,13.35,400,1214,17,51.5,3.5,3,3,2.5,1,,,,,,,,,,,,
I elementary,1/11/2021,210,10.4,14.1,400,1203,16,51.5,3.5,3,3,2.5,1,,,,,,,,,,,,
I elementary,1/12/2021,170,11.4,14.3,400,1308,14,51.5,3.5,3,3,2.5,1,,,,,,,,,,,,
I elementary,1/13/2021,275,10,14.35,400,1228,17,51.5,3.5,3,3,2.5,1,,,,,,,,,,,,
I elementary,1/14/2021,195,13.3,16.45,400,1223,17,51.5,3.5,3,3,2.5,1,,,,,,,,,,,,
I elementary,1/15/2021,175,9.3,13.08,400,1432,16,51.5,3.5,3,3,2.5,1,,,,,,,,,,,,
I elementary,1/18/2021,378,9.12,15.3,400,1533,16,51.5,3.5,3,3,2.5,1,,,,,,,,,,,,
I elementary,1/19/2021,139,12.42,14.51,400,2042,16,51.5,3.5,3,3,2.5,1,,,,,,,,,,,,
I elementary,1/20/2021,345,10,15.45,400,2074,16,51.5,3.5,3,3,2.5,1,,,,,,,,,,,,
I elementary,1/21/2021,150,13.3,17,400,2891,16,51.5,3.5,3,3,2.5,1,,,,,,,,,,,,
I elementary,1/22/2021,274,9.46,14.2,400,2086,17,51.5,3.5,3,3,2.5,1,,,,,,,,,,,,
I elementary,1/25/2021,90,13.26,14.5,400,2651,16,51.5,3.5,3,3,2.5,1,,,,,,,,,,,,
I elementary,1/26/2021,95,13.32,15.07,400,1595,17,51.5,3.5,3,3,2.5,1,,,,,,,,,,,,
I elementary,1/27/2021,315,11.35,16.5,400,2349,16,51.5,3.5,3,3,2.5,1,,,,,,,,,,,,
I elementary,1/28/2021,288,11.05,15.53,400,1896,16,51.5,3.5,3,3,2.5,1,,,,,,,,,,,,
I elementary,1/29/2021,188,11.46,14.54,400,2554,16,51.5,3.5,3,3,2.5,1,,,,,,,,,,,,
I elementary,2/1/2021,162,13.18,16,400,1620,17,51.5,3.5,3,3,2.5,1,,,,,,,,,,,,
I elementary,2/2/2021,66,12.54,14,400,1647,16,51.5,3.5,3,3,2.5,1,,,,,,,,,,,,
I elementary,2/3/2021,200,12.2,15.4,400,1687,17,51.5,3.5,3,3,2.5,1,,,,,,,,,,,,
I elementary,2/4/2021,413,9.52,16.45,400,1803,17,51.5,3.5,3,3,2.5,1,,,,,,,,,,,,
I elementary,2/5/2021,104,12.46,14.3,400,1284,17,51.5,3.5,3,3,2.5,1,,,,,,,,,,,,
I elementary,2/8/2021,105,13.25,15.1,400,1553,15,51.5,3.5,3,3,2.5,1,,,,,,,,,,,,
I elementary,2/9/2021,314,9.06,14.2,400,1069,15,51.5,3.5,3,3,2.5,1,,,,,,,,,,,,
I elementary,2/10/2021,184,10.56,14,400,1356,16,51.5,3.5,3,3,2.5,1,,,,,,,,,,,,
I elementary,2/11/2021,180,9.27,14.3,400,1225,16,51.5,3.5,3,3,2.5,1,,,,,,,,,,,,
I elementary,2/12/2021,208,11.42,13.1,400,1205,16,51.5,3.5,3,3,2.5,1,,,,,,,,,,,,
I elementary,2/17/2021,219,11,14.39,400,2201,16,51.5,3.5,3,3,2.5,1,,,,,,,,,,,,
I elementary,2/18/2021,278,9.57,14.35,400,1435,17,51.5,3.5,3,3,2.5,1,,,,,,,,,,,,
I elementary,2/19/2021,265,11.4,16.1,400,1730,16,51.5,3.5,3,3,2.5,1,,,,,,,,,,,,
I elementary,2/22/2021,70,12.4,13.5,400,1144,,51.5,3.5,3,3,2.5,1,,,,,,,,,,,,
I elementary,2/23/2021,175,11.15,14.1,400,805,,51.5,3.5,3,3,2.5,1,,,,,,,,,,,,
I elementary,2/24/2021,50,13.2,14.1,400,747,,51.5,3.5,3,3,2.5,1,,,,,,,,,,,,
I elementary,2/25/2021,24,13.36,14,400,1742,,51.5,3.5,3,3,2.5,1,,,,,,,,,,,,
I elementary,2/26/2021,240,10.4,14.45,400,1202,,51.5,3.5,3,3,2.5,1,,,,,,,,,,,,
I elementary,3/1/2021,155,11.3,14.05,400,1952,,51.5,3.5,3,3,2.5,1,,,,,,,,,,,,
I elementary,3/2/2021,60,13.4,14.4,400,1484,,51.5,3.5,3,3,2.5,1,,,,,,,,,,,,
I elementary,3/3/2021,110,13.3,15.2,400,1726,,51.5,3.5,3,3,2.5,1,,,,,,,,,,,,
I elementary,3/4/2021,275,11,15.35,400,1486,,51.5,3.5,3,3,2.5,1,,,,,,,,,,,,
I elementary,3/5/2021,120,12.43,14.42,400,1415,,51.5,3.5,3,3,2.5,1,,,,,,,,,,,,
I elementary,3/8/2021,50,13.2,14.3,400,1252,,51.5,3.5,3,3,2.5,1,,,,,,,,,,,,
I elementary,3/9/2021,284,11.56,14.4,400,1413,,51.5,3.5,3,3,2.5,1,,,,,,,,,,,,
third middle,12/9/2020,144,13.15,,400,829,7,46.5,3.5,4,2,3.3,1,,,,,,,,,,,,
third middle,12/10/2020,244,10.38,,400,926,7,46.5,3.5,4,2,3.3,1,,,,,,,,,,,,
third middle,12/11/2020,265,14.29,,400,2315,6,46.5,3.5,4,2,3.3,1,,,,,,,,,,,,
third middle,12/14/2020,95,13.35,,400,942,6,46.5,3.5,4,2,3.3,1,,,,,,,,,,,,
third middle,12/15/2020,263,12.18,,400,1033,8,46.5,3.5,4,2,3.3,1,,,,,,,,,,,,
third middle,12/16/2020,403,12.3,,400,915,8,46.5,3.5,4,2,3.3,1,,,,,,,,,,,,
third middle,12/17/2020,223,11.57,,400,1291,9,46.5,3.5,4,2,3.3,1,,,,,,,,,,,,
third middle,12/18/2020,257,9,,400,1027,8,46.5,3.5,4,2,3.3,1,,,,,,,,,,,,
third middle,12/21/2020,308,10.1,,400,977,8,46.5,3.5,4,2,3.3,1,,,,,,,,,,,,
third middle,12/22/2020,484,11.3,,400,1110,8,46.5,3.5,4,2,3.3,1,,,,,,,,,,,,
third middle,1/7/2021,447,11.59,,400,1013,8,46.5,3.5,4,2,3.3,1,,,,,,,,,,,,
third middle,1/8/2021,191,11.56,,400,817,7,46.5,3.5,4,2,3.3,1,,,,,,,,,,,,
third middle,1/11/2021,289,10.02,,400,761,8,46.5,3.5,4,2,3.3,1,,,,,,,,,,,,
third middle,1/12/2021,219,10.34,,400,663,8,46.5,3.5,4,2,3.3,1,,,,,,,,,,,,
third middle,1/13/2021,274,10.01,,400,1118,7,46.5,3.5,4,2,3.3,1,,,,,,,,,,,,
third middle,1/14/2021,353,9.28,,400,592,7,46.5,3.5,4,2,3.3,1,,,,,,,,,,,,
third middle,1/15/2021,433,9.25,,400,856,7,46.5,3.5,4,2,3.3,1,,,,,,,,,,,,
third middle,1/18/2021,398,9.52,,400,1449,7,46.5,3.5,4,2,3.3,1,,,,,,,,,,,,
third middle,1/19/2021,443,10.28,,400,821,7,46.5,3.5,4,2,3.3,1,,,,,,,,,,,,
third middle,1/20/2021,238,11,,400,853,7,46.5,3.5,4,2,3.3,1,,,,,,,,,,,,
third middle,1/21/2021,358,8.57,,400,683,7,46.5,3.5,4,2,3.3,1,,,,,,,,,,,,
third middle,1/22/2021,131,10.09,,400,739,6,46.5,3.5,4,2,3.3,1,,,,,,,,,,,,
third middle,1/25/2021,234,10.08,,400,733,7,46.5,3.5,4,2,3.3,1,,,,,,,,,,,,
third middle,1/26/2021,295,10.15,,400,791,6,46.5,3.5,4,2,3.3,1,,,,,,,,,,,,
third middle,1/27/2021,59,9.42,,400,997,6,46.5,3.5,4,2,3.3,1,,,,,,,,,,,,
third middle,1/28/2021,234,11.18,,400,818,6,46.5,3.5,4,2,3.3,1,,,,,,,,,,,,
third middle,1/29/2021,73,14,,400,1381,6,46.5,3.5,4,2,3.3,1,,,,,,,,,,,,
third middle,2/1/2021,105,13.25,,400,768,7,46.5,3.5,4,2,3.3,1,,,,,,,,,,,,
third middle,2/2/2021,214,10.58,,400,1049,7,46.5,3.5,4,2,3.3,1,,,,,,,,,,,,
third middle,2/3/2021,88,14.3,,400,1458,7,46.5,3.5,4,2,3.3,1,,,,,,,,,,,,
third middle,2/4/2021,277,8.43,,400,731,7,46.5,3.5,4,2,3.3,1,,,,,,,,,,,,
third middle,2/5/2021,311,8.59,,400,745,7,46.5,3.5,4,2,3.3,1,,,,,,,,,,,,
third middle,2/8/2021,328,9.25,,400,901,7,46.5,3.5,4,2,3.3,1,,,,,,,,,,,,
third middle,2/9/2021,76,13,,400,723,8,46.5,3.5,4,2,3.3,1,,,,,,,,,,,,
third middle,2/11/2021,60,13.24,,400,821,7,46.5,3.5,4,2,3.3,1,,,,,,,,,,,,
third middle,2/12/2021,273,9.33,,400,707,8,46.5,3.5,4,2,3.3,1,,,,,,,,,,,,
third middle,2/17/2021,200,12.3,,400,995,8,46.5,3.5,4,2,3.3,1,,,,,,,,,,,,
third middle,2/18/2021,287,9.2,,400,783,7,46.5,3.5,4,2,3.3,1,,,,,,,,,,,,
third middle,2/19/2021,353,8.45,,400,903,8,46.5,3.5,4,2,3.3,1,,,,,,,,,,,,
third middle,2/22/2021,49,11.41,,400,728,,46.5,3.5,4,2,3.3,1,,,,,,,,,,,,
third middle,2/23/2021,74,12.43,,400,690,,46.5,3.5,4,2,3.3,1,,,,,,,,,,,,
third middle,2/24/2021,134,12.35,,400,744,,46.5,3.5,4,2,3.3,1,,,,,,,,,,,,
Second media,12/9/2021,268,10.06,14.34,400,2441,19,48.6,3.5,4,2,3.3,1,,,,,,,,,,,,
Second media,12/11/2021,209,13.07,16.36,400,3122,18,48.6,3.5,4,2,3.3,1,,,,,,,,,,,,
Second media,12/14/2021,289,9,15.29,400,1678,17,48.6,3.5,4,2,3.3,1,,,,,,,,,,,,
Second media,12/16/2021,,10.02,,400,2178,18,48.6,3.5,4,2,3.3,1,,,,,,,,,,,,
Second media,12/17/2021,,13.04,,400,1355,16,48.6,3.5,4,2,3.3,1,,,,,,,,,,,,
Second media,12/21/2021,,9.02,,400,1826,17,48.6,3.5,4,2,3.3,1,,,,,,,,,,,,
Second media,1/7/2021,,10.18,,400,925,16,48.6,3.5,4,2,3.3,1,,,,,,,,,,,,
Second media,1/11/2021,338,12,17.38,400,1535,16,48.6,3.5,4,2,3.3,1,,,,,,,,,,,,
Second media,1/12/2021,517,9.12,17.49,400,1455,13,48.6,3.5,4,2,3.3,1,,,,,,,,,,,,
Second media,1/20/2021,154,14,16.34,400,920,17,48.6,3.5,4,2,3.3,1,,,,,,,,,,,,
Second media,1/21/2021,324,8.19,13.43,400,796,17,48.6,3.5,4,2,3.3,1,,,,,,,,,,,,
Second media,1/22/2021,15,13.55,14.1,400,992,16,48.6,3.5,4,2,3.3,1,,,,,,,,,,,,
Second media,1/28/2021,7,15.4,15.47,400,934,16,48.6,3.5,4,2,3.3,1,,,,,,,,,,,,
Second media,2/1/2021,170,12,14.5,400,2382,16,48.6,3.5,4,2,3.3,1,,,,,,,,,,,,
Second media,2/2/2021,393,9.09,15.42,400,876,15,48.6,3.5,4,2,3.3,1,,,,,,,,,,,,
Second media,2/3/2021,403,9.07,15.5,400,1515,18,48.6,3.5,4,2,3.3,1,,,,,,,,,,,,
Second media,2/4/2021,30,15.13,15.43,400,926,18,48.6,3.5,4,2,3.3,1,,,,,,,,,,,,
Second media,2/5/2021,80,13.06,14.26,400,1504,18,48.6,3.5,4,2,3.3,1,,,,,,,,,,,,
Second media,2/9/2021,363,8.14,14.17,400,757,14,48.6,3.5,4,2,3.3,1,,,,,,,,,,,,
Second media,2/11/2021,462,8.18,16,400,779,16,48.6,3.5,4,2,3.3,1,,,,,,,,,,,,
first middle,12/9/2020,362,11.58,18.15,400,798,18,46.5,3.5,4,2,3.3,1,,,,,,,,,,,,
first middle,12/10/2020,362,10.51,16.53,400,1896,17,46.5,3.5,4,2,3.3,1,,,,,,,,,,,,
first middle,12/11/2020,193,11.57,15.1,400,1568,17,46.5,3.5,4,2,3.3,1,,,,,,,,,,,,
first middle,12/14/2020,345,10,15.45,400,1946,18,46.5,3.5,4,2,3.3,1,,,,,,,,,,,,
first middle,12/15/2020,338,10.15,15.53,400,721,16,46.5,3.5,4,2,3.3,1,,,,,,,,,,,,
first middle,12/17/2020,297,11.03,16,400,1717,17,46.5,3.5,4,2,3.3,1,,,,,,,,,,,,
first middle,12/18/2020,274,11.44,16.18,400,1514,17,46.5,3.5,4,2,3.3,1,,,,,,,,,,,,
first middle,12/21/2020,347,9.57,15.44,400,1498,17,46.5,3.5,4,2,3.3,1,,,,,,,,,,,,
first middle,12/22/2020,358,10.22,16.2,400,997,17,46.5,3.5,4,2,3.3,1,,,,,,,,,,,,
first middle,1/7/2021,449,9.51,17.2,400,611,16,46.5,3.5,4,2,3.3,1,,,,,,,,,,,,
first middle,1/8/2021,345,10,15.45,400,1274,15,46.5,3.5,4,2,3.3,1,,,,,,,,,,,,
first middle,1/11/2021,19,15.04,15.23,400,760,15,46.5,3.5,4,2,3.3,1,,,,,,,,,,,,
first middle,1/12/2021,30,14.55,15.25,400,714,16,46.5,3.5,4,2,3.3,1,,,,,,,,,,,,
first middle,1/13/2021,269,11.08,15.37,400,794,16,46.5,3.5,4,2,3.3,1,,,,,,,,,,,,
first middle,1/14/2021,265,12,16.25,400,1030,16,46.5,3.5,4,2,3.3,1,,,,,,,,,,,,
first middle,1/18/2021,513,10.03,18.35,400,724,16,46.5,3.5,4,2,3.3,1,,,,,,,,,,,,
first middle,1/20/2021,31,15.04,15.35,400,855,13,46.5,3.5,4,2,3.3,1,,,,,,,,,,,,
first middle,1/21/2021,474,9.28,15.22,400,927,13,46.5,3.5,4,2,3.3,1,,,,,,,,,,,,
first middle,1/22/2021,263,9.56,14.19,400,1914,11,46.5,3.5,4,2,3.3,1,,,,,,,,,,,,
first middle,1/25/2021,323,10.03,15.26,400,1610,16,46.5,3.5,4,2,3.3,1,,,,,,,,,,,,
first middle,1/27/2021,305,11.01,16.04,400,1720,14,46.5,3.5,4,2,3.3,1,,,,,,,,,,,,
first middle,2/1/2021,393,9.57,16.3,400,1984,17,46.5,3.5,4,2,3.3,1,,,,,,,,,,,,
first middle,2/2/2021,288,10.34,15.22,400,846,15,46.5,3.5,4,2,3.3,1,,,,,,,,,,,,
first middle,2/3/2021,524,8.16,17,400,735,15,46.5,3.5,4,2,3.3,1,,,,,,,,,,,,
first middle,2/4/2021,308,9.57,15.05,400,1228,16,46.5,3.5,4,2,3.3,1,,,,,,,,,,,,
first middle,2/8/2021,349,9.59,15.48,400,1709,18,46.5,3.5,4,2,3.3,1,,,,,,,,,,,,
first middle,2/9/2021,370,9,15.1,400,703,16,46.5,3.5,4,2,3.3,1,,,,,,,,,,,,
first middle,2/12/2021,184,14.49,17.53,400,722,18,46.5,3.5,4,2,3.3,1,,,,,,,,,,,,
Busybees Materna,12/9/2020,16,16.3,,400,1587,,,,,,,,,,,,,,,,,,,
Busybees Materna,12/10/2020,24,14.16,,400,2383,,,,,,,,,,,,,,,,,,,
Busybees Materna,12/11/2020,24,15.28,,400,3391,,,,,,,,,,,,,,,,,,,
Busybees Materna,12/14/2020,20,9.36,,400,1964,,,,,,,,,,,,,,,,,,,
Busybees Materna,12/15/2020,23,15.15,,400,2234,,,,,,,,,,,,,,,,,,,
Busybees Materna,12/21/2020,23,16.35,,400,3901,,,,,,,,,,,,,,,,,,,
Busybees Materna,12/22/2020,23,15.26,,400,2098,,,,,,,,,,,,,,,,,,,
Busybees Materna,1/7/2021,23,14.53,,400,3764,,,,,,,,,,,,,,,,,,,
Busybees Materna,1/8/2021,23,15.18,,400,4062,,,,,,,,,,,,,,,,,,,
Busybees Materna,1/15/2021,23,16.34,,400,4222,,,,,,,,,,,,,,,,,,,
Busybees Materna,1/18/2021,20,14.45,,400,3049,,,,,,,,,,,,,,,,,,,
Busybees Materna,1/19/2021,20,15.21,,400,4208,,,,,,,,,,,,,,,,,,,
Busybees Materna,1/20/2021,21,11.3,,400,2700,,,,,,,,,,,,,,,,,,,
Busybees Materna,1/21/2021,20,10.05,,400,1962,,,,,,,,,,,,,,,,,,,
Busybees Materna,1/26/2021,21,14.56,,400,3422,,,,,,,,,,,,,,,,,,,
Busybees Materna,1/27/2021,21,14.07,,400,3401,,,,,,,,,,,,,,,,,,,
Busybees Materna,1/28/2021,16,14.02,,400,4051,,,,,,,,,,,,,,,,,,,
Busybees Materna,2/1/2021,16,15.38,,400,1852,,,,,,,,,,,,,,,,,,,
Busybees Materna,2/2/2021,16,15.4,,400,2813,,,,,,,,,,,,,,,,,,,
Busybees Materna,2/3/2021,16,14.25,,400,1530,,,,,,,,,,,,,,,,,,,
Busybees Materna,2/4/2021,21,15.15,,400,2259,,,,,,,,,,,,,,,,,,,
Busybees Materna,2/5/2021,16,15.43,,400,1715,,,,,,,,,,,,,,,,,,,
Busybees Materna,2/8/2021,16,10.32,,400,1440,,,,,,,,,,,,,,,,,,,
Busybees Materna,2/9/2021,16,9.48,,400,1536,,,,,,,,,,,,,,,,,,,
Busybees Materna,2/10/2021,16,10.18,,400,2160,,,,,,,,,,,,,,,,,,,
Busybees Materna,2/18/2021,16,15.45,,400,1842,,,,,,,,,,,,,,,,,,,
Busybees Materna,2/19/2021,16,15.07,,400,2334,,,,,,,,,,,,,,,,,,,
Busybees Materna,2/22/2021,16,15.08,,400,2159,,,,,,,,,,,,,,,,,,,
Busybees Materna,2/23/2021,21,15.53,,400,2138,,,,,,,,,,,,,,,,,,,
Busybees Materna,2/24/2021,21,15.1,,400,2186,,,,,,,,,,,,,,,,,,,
Busybees Materna,2/25/2021,16,14.15,,400,2252,,,,,,,,,,,,,,,,,,,
Busybees Materna,3/1/2021,,15,,400,2448,,,,,,,,,,,,,,,,,,,
Busybees Materna,3/2/2021,,14.47,,400,1854,,,,,,,,,,,,,,,,,,,
Busybees Materna,3/3/2021,,15.08,,400,2541,,,,,,,,,,,,,,,,,,,
Busybees Materna,3/4/2021,,10.55,,400,1922,,,,,,,,,,,,,,,,,,,
Busybees Materna,3/5/2021,,14.55,,400,2248,,,,,,,,,,,,,,,,,,,
Busybees-nido,1/7/2021,,16.14,,400,2603,,,,,,,,,,,,,,,,,,,
Busybees-nido,1/8/2021,,16.26,,400,2297,,,,,,,,,,,,,,,,,,,
Busybees-nido,1/11/2021,,13.45,,400,2303,,,,,,,,,,,,,,,,,,,
Busybees-nido,1/12/2021,,11.41,,400,2864,,,,,,,,,,,,,,,,,,,
Busybees-nido,1/13/2021,,15.46,,400,2234,,,,,,,,,,,,,,,,,,,
Busybees-nido,1/14/2021,,14.48,,400,2073,,,,,,,,,,,,,,,,,,,
Busybees-nido,1/15/2021,,16,,400,3133,,,,,,,,,,,,,,,,,,,
Busybees-nido,1/18/2021,,13.51,,400,4167,,,,,,,,,,,,,,,,,,,
Busybees-nido,1/19/2021,,11.28,,400,3089,,,,,,,,,,,,,,,,,,,
Busybees-nido,1/20/2021,,11.27,,400,3127,,,,,,,,,,,,,,,,,,,
Busybees-nido,1/21/2021,,11.12,,400,2596,,,,,,,,,,,,,,,,,,,
Busybees-nido,1/22/2021,,11.38,,400,2912,,,,,,,,,,,,,,,,,,,
Busybees-nido,1/25/2021,,11.34,,400,2992,,,,,,,,,,,,,,,,,,,
Busybees-nido,1/26/2021,,10.4,,400,2206,,,,,,,,,,,,,,,,,,,
Busybees-nido,1/27/2021,,16.26,,400,2566,,,,,,,,,,,,,,,,,,,
Busybees-nido,1/28/2021,,14.06,,400,2767,,,,,,,,,,,,,,,,,,,
Busybees-nido,2/1/2021,,15.5,,400,1716,,,,,,,,,,,,,,,,,,,
Busybees-nido,2/2/2021,,15.27,,400,2031,,,,,,,,,,,,,,,,,,,
Busybees-nido,2/3/2021,,15.4,,400,1612,,,,,,,,,,,,,,,,,,,
Busybees-nido,2/4/2021,,14.2,,400,2205,,,,,,,,,,,,,,,,,,,
Busybees-nido,2/5/2021,,15.22,,400,1628,,,,,,,,,,,,,,,,,,,
Busybees-nido,2/8/2021,,15.36,,400,1833,,,,,,,,,,,,,,,,,,,
Busybees-nido,2/9/2021,,10.15,,400,1922,,,,,,,,,,,,,,,,,,,
Busybees-nido,2/10/2021,,11.11,,400,2461,,,,,,,,,,,,,,,,,,,
Busybees-nido,2/11/2021,,15.41,,400,1498,,,,,,,,,,,,,,,,,,,
Busybees-nido,2/12/2021,,11.05,,400,1960,,,,,,,,,,,,,,,,,,,
Busybees-nido,2/17/2021,,15.32,,400,2046,,,,,,,,,,,,,,,,,,,
Busybees-nido,2/18/2021,,15.38,,400,2093,,,,,,,,,,,,,,,,,,,
Busybees-nido,2/21/2021,,15.09,,400,1818,,,,,,,,,,,,,,,,,,,
Busybees-nido,2/22/2021,,16.15,,400,1665,,,,,,,,,,,,,,,,,,,
Busybees-nido,2/23/2021,,9.24,,400,1276,,,,,,,,,,,,,,,,,,,
Busybees-nido,2/24/2021,,14.5,,400,1806,,,,,,,,,,,,,,,,,,,
Busybees-nido,2/25/2021,,15.2,,400,1467,,,,,,,,,,,,,,,,,,,
Busybees-nido,3/1/2021,,15.2,,400,2036,,,,,,,,,,,,,,,,,,,
Busybees-nido,3/2/2021,,15.12,,400,1674,,,,,,,,,,,,,,,,,,,
Busybees-nido,3/3/2021,,15.23,,400,1746,,,,,,,,,,,,,,,,,,,
Busybees-nido,3/4/2021,,14.4,,400,1553,,,,,,,,,,,,,,,,,,,
Busybees-nido,3/5/2021,,16.46,,400,1847,,,,,,,,,,,,,,,,,,,
